"","Hs","Ht","Gst_est","Gprime_st","D_het","D_mean"
"1",0.666061189582753,0.710280491545927,0.0622561121831323,0.195143740277889,0.139038247765568,0.0232935477129627
